{"cameraMode":{"drawMode":0,"name":"Shaded","section":"Shading Mode"},"sceneLighting":true,"audioPlay":false,"sceneViewState":{"showFog":true,"showMaterialUpdate":false,"showSkybox":true,"showFlares":true,"showImageEffects":true,"showParticleSystems":true},"in2DMode":false,"pivot":{"x":1.494937777519226,"y":0.5431022644042969,"z":5.603594779968262},"rotation":{"x":-0.6395326852798462,"y":-0.0034596354234963657,"z":0.002877982798963785,"w":-0.768750786781311},"size":35.96239471435547,"orthographic":true}