{"cameraMode":{"drawMode":0,"name":"Shaded","section":"Shading Mode"},"sceneLighting":false,"audioPlay":false,"sceneViewState":{"showFog":true,"showMaterialUpdate":false,"showSkybox":true,"showFlares":true,"showImageEffects":true,"showParticleSystems":true},"in2DMode":false,"pivot":{"x":0.9881296157836914,"y":3.305098295211792,"z":7.253106117248535},"rotation":{"x":-0.6161808371543884,"y":-0.004725774750113487,"z":0.0036971999797970058,"w":-0.7875818610191345},"size":23.80230140686035,"orthographic":false}