{"cameraMode":{"drawMode":0,"name":"Shaded","section":"Shading Mode"},"sceneLighting":false,"audioPlay":false,"sceneViewState":{"showFog":true,"showMaterialUpdate":false,"showSkybox":true,"showFlares":true,"showImageEffects":true,"showParticleSystems":true},"in2DMode":false,"pivot":{"x":0.19557468593120576,"y":-0.8189051151275635,"z":-0.8104848861694336},"rotation":{"x":-0.22747687995433808,"y":-0.01081141922622919,"z":0.0025256520602852108,"w":-0.9737202525138855},"size":142.62728881835938,"orthographic":false}