{"cameraMode":{"drawMode":0,"name":"Shaded","section":"Shading Mode"},"sceneLighting":false,"audioPlay":false,"sceneViewState":{"showFog":true,"showMaterialUpdate":false,"showSkybox":true,"showFlares":true,"showImageEffects":true,"showParticleSystems":true},"in2DMode":false,"pivot":{"x":-237.41294860839845,"y":1.8817138671875,"z":0.10129523277282715},"rotation":{"x":-0.11077240854501724,"y":-0.0005990358768031001,"z":0.00006669731374131516,"w":-0.9938456416130066},"size":13.02350902557373,"orthographic":false}